/* Data for table s_blog */
TRUNCATE TABLE `s_blog`;
INSERT INTO `s_blog` (`id`, `name`, `url`, `meta_title`, `meta_keywords`, `meta_description`, `annotation`, `text`, `visible`, `date`) VALUES
(2,'Tes news','tes_news','Tes news','Tes news','Test bews descripption','','',1,'2012-05-01 00:00:00');

/* Data for table s_brands */
TRUNCATE TABLE `s_brands`;

/* Data for table s_categories */
TRUNCATE TABLE `s_categories`;
INSERT INTO `s_categories` (`id`, `parent_id`, `name`, `meta_title`, `meta_keywords`, `meta_description`, `description`, `url`, `image`, `position`, `visible`, `external_id`) VALUES
(41,0,'Столовые','','','','','Столовые','',0,1,''),
(40,0,'Спальни','','','','','Спальни','',1,1,''),
(42,0,'Диваны','','','','','Диваны','',2,1,''),
(43,0,'Угловые диваны','','','','','Угловые_диваны','',3,1,''),
(44,0,'Кушетки','','','','','Кушетки','',4,1,''),
(45,0,'Кресла','','','','','Кресла','',5,1,''),
(46,0,'Стулья','','','','','Стулья','',6,1,''),
(47,0,'TV панели','','','','','tv_панели','',7,1,''),
(48,0,'Журнальные столы','Журнальные столы','Журнальные столы','','','Журнальные_столы','',8,1,''),
(228,0,'Серия Comfort','','','','','Серия_comfort','1333098112_1.jpg',9,1,''),
(229,228,'Кровати','','','','','Кровати','1333098236_1.jpg',0,1,''),
(230,228,'Матрасы','','','','<p>&nbsp;Описание</p>','Матрасы','1333098325_lateks.jpg',1,1,'');

/* Data for table s_categories_features */
TRUNCATE TABLE `s_categories_features`;

/* Data for table s_comments */
TRUNCATE TABLE `s_comments`;

/* Data for table s_currencies */
TRUNCATE TABLE `s_currencies`;
INSERT INTO `s_currencies` (`id`, `name`, `sign`, `code`, `rate_from`, `rate_to`, `cents`, `position`, `enabled`) VALUES
(2,'доллары','$','USD','3.75','3.75',0,2,1);

/* Data for table s_delivery */
TRUNCATE TABLE `s_delivery`;

/* Data for table s_delivery_payment */
TRUNCATE TABLE `s_delivery_payment`;
INSERT INTO `s_delivery_payment` (`delivery_id`, `payment_method_id`) VALUES
(1,1),
(1,2),
(1,3),
(1,4),
(2,1),
(2,2),
(2,3),
(2,4),
(3,1),
(3,2),
(3,3),
(3,4);

/* Data for table s_features */
TRUNCATE TABLE `s_features`;

/* Data for table s_feedbacks */
TRUNCATE TABLE `s_feedbacks`;

/* Data for table s_groups */
TRUNCATE TABLE `s_groups`;

/* Data for table s_images */
TRUNCATE TABLE `s_images`;
INSERT INTO `s_images` (`id`, `name`, `product_id`, `filename`, `position`) VALUES
(1,'',234,'1333098734_4.jpg',0),
(2,'',234,'1333098730_3.jpg',0),
(3,'',234,'1333098727_2.jpg',0),
(4,'',234,'1333098722_1.jpg',0),
(5,'',233,'1333098651_3.jpg',0),
(6,'',233,'1333098648_2.jpg',0),
(7,'',233,'1333098612_1.jpg',0),
(8,'',233,'1333098655_4.jpg',0),
(9,'',235,'1333098766_1.jpg',0),
(10,'',235,'1333098780_4.jpg',0),
(11,'',235,'1333098773_3.jpg',0),
(12,'',235,'1333098769_2.jpg',0),
(13,'',236,'1333099010_1.jpg',0),
(14,'',236,'1333099023_2.jpg',0),
(15,'',236,'1333099030_3.jpg',0),
(16,'',236,'1333099034_4.jpg',0),
(17,'',237,'1333099065_1.jpg',0),
(18,'',237,'1333099069_2.jpg',0),
(19,'',237,'1333099072_3.jpg',0),
(20,'',237,'1333099076_4.jpg',0),
(21,'',238,'1333099112_1.jpg',0),
(22,'',238,'1333099117_2.jpg',0),
(23,'',238,'1333099124_3.jpg',0),
(24,'',238,'1333099129_4.jpg',0),
(25,'',239,'1333099169_1.jpg',0),
(26,'',239,'1333099173_2.jpg',0),
(27,'',239,'1333099178_3.jpg',0),
(28,'',239,'1333099186_4.jpg',0),
(29,'',240,'1333099226_1.jpg',0),
(30,'',240,'1333099229_2.jpg',0),
(31,'',240,'1333099233_3.jpg',0),
(32,'',240,'1333099237_4.jpg',0),
(33,'',241,'1333099266_1.jpg',0),
(34,'',241,'1333099269_2.jpg',0),
(35,'',241,'1333099276_3.jpg',0),
(36,'',241,'1333099280_4.jpg',0),
(37,'',242,'1333099307_1.jpg',0),
(38,'',242,'1333099310_2.jpg',0),
(39,'',242,'1333099316_3.jpg',0),
(40,'',242,'1333099321_4.jpg',0),
(41,'',243,'1333100075_lateks.jpg',0),
(42,'',244,'1333100128_merino.jpg',0),
(43,'',245,'1333100202_notre-dame.jpg',0),
(44,'',246,'1333100226_sant-denis.jpg',0),
(45,'',247,'1333100288_silpuama.jpg',0),
(46,'',248,'1333100323_versailles.jpg',0),
(47,'',52,'1324545387__G8Q7883.jpg',0),
(48,'',52,'1324545393__G8Q7897.jpg',0),
(49,'',52,'1324545397_3.jpg',0),
(50,'',52,'1324545401__G8Q7902.jpg',0),
(51,'',52,'1324545408_sa0003.jpg',0),
(52,'',52,'1324545412_sa0004.jpg',0),
(53,'',205,'1330501601_1.jpg',0),
(54,'',205,'1330501605_2.jpg',0),
(55,'',205,'1330501611_3.jpg',0),
(56,'',205,'1330501616_sh.jpg',0),
(57,'',206,'1330501644_1.jpg',0),
(58,'',206,'1330501648_2.jpg',0),
(59,'',206,'1330501654_3.jpg',0),
(60,'',206,'1330501658_sh.jpg',0),
(61,'',87,'1324545541_1.jpg',0),
(62,'',87,'1324545545_2.jpg',0),
(63,'',87,'1324545553_3.jpg',0),
(64,'',87,'1330501695_1.jpg',0),
(65,'',87,'1330501700_2.jpg',0),
(66,'',87,'1330501707_3.jpg',0),
(67,'',87,'1330501712_sh.jpg',0),
(68,'',88,'1324545595_DSC_9222.JPG',0),
(69,'',88,'1330501750_3.jpg',0),
(70,'',88,'1330501745_2.jpg',0),
(71,'',88,'1330501740_1.jpg',0),
(72,'',88,'1324545635_DSC_9279.JPG',0),
(73,'',88,'1324545623_DSC_9256.JPG',0),
(74,'',88,'1324545616_DSC_9240.JPG',0),
(75,'',88,'1324545611_DSC_9238.JPG',0),
(76,'',88,'1324545605_DSC_9232.JPG',0),
(77,'',88,'1330501757_sh.jpg',0),
(78,'',89,'1324545698_y05.jpg',0),
(79,'',89,'1324545704_Lotus.jpg',0),
(80,'',89,'1330501785_1.jpg',0),
(81,'',89,'1330501790_2.jpg',0),
(82,'',89,'1330501794_3.jpg',0),
(83,'',89,'1330501798_sh.jpg',0),
(84,'',90,'1324545755_cduvar.jpg.jpg',0),
(85,'',90,'1324545728_MARAKESH.jpg',0),
(86,'',90,'1324545733_rrr4r0001.jpg',0),
(87,'',90,'1324545738_rrr4r0002.jpg',0),
(88,'',90,'1324545744_rrr4r0003.jpg',0),
(89,'',207,'1330501828_1.jpg',0),
(90,'',207,'1330501835_2.jpg',0),
(91,'',207,'1330501847_3.jpg',0),
(92,'',207,'1330501853_sh.jpg',0),
(93,'',91,'1324545785_fefefe0000.jpg',0),
(94,'',91,'1324545790_fefefe0003.jpg',0),
(95,'',91,'1324545859_fefefe0006.jpg',0),
(96,'',91,'1330501889_1.jpg',0),
(97,'',91,'1330501898_2.jpg',0),
(98,'',91,'1330501902_3.jpg',0),
(99,'',91,'1330501907_sh.jpg',0),
(100,'',208,'1330501989_1.jpg',0),
(101,'',208,'1330501995_2.jpg',0),
(102,'',208,'1330501998_3.jpg',0),
(103,'',208,'1330502003_sh.jpg',0),
(104,'',92,'1324545937_1.jpg',0),
(105,'',92,'1324545924_2.jpg',0),
(106,'',92,'1324545942_shema.jpg',0),
(107,'',92,'1330502026_1.jpg',0),
(108,'',92,'1330502032_2.jpg',0),
(109,'',92,'1330502036_3.jpg',0),
(110,'',92,'1330502041_sh.jpg',0),
(111,'',93,'1324545975_1.jpg',0),
(112,'',93,'1330502072_1.jpg',0),
(113,'',93,'1330502076_2.jpg',0),
(114,'',93,'1330502080_3.jpg',0),
(115,'',93,'1330502089_4.jpg',0),
(116,'',93,'1330502093_sh.jpg',0),
(117,'',94,'1330502184_1.jpg',0),
(118,'',94,'1330502190_2.jpg',0),
(119,'',94,'1330502196_3.jpg',0),
(120,'',94,'1330502201_sh.jpg',0),
(121,'',95,'1324546051_1.jpg',0),
(122,'',95,'1324546056_2.jpg',0),
(123,'',95,'1324546063_y04.jpg',0),
(124,'',95,'1330502222_1.jpg',0),
(125,'',95,'1330502227_2.jpg',0),
(126,'',95,'1330502232_sh.jpg',0),
(127,'',57,'1324549479_DSC_8726.JPG',0),
(128,'',57,'1324549484_DSC_8730.JPG',0),
(129,'',57,'1324549494_DSC_8731.JPG',0),
(130,'',57,'1330430095_1.jpg',0),
(131,'',57,'1330430099_2.jpg',0),
(132,'',57,'1330430107_3.jpg',0),
(133,'',57,'1330430131_sh.jpg',0),
(134,'',190,'1330430210_1.jpg',0),
(135,'',190,'1330430215_2.jpg',0),
(136,'',190,'1330430219_3.jpg',0),
(137,'',191,'1330430299_1.jpg',0),
(138,'',191,'1330430304_2.jpg',0),
(139,'',191,'1330430309_3.jpg',0),
(140,'Схема',191,'1330430316_sh.jpg',0),
(141,'',192,'1330430376_1.jpg',0),
(142,'',192,'1330430382_2.jpg',0),
(143,'',192,'1330430385_3.jpg',0),
(144,'',194,'1330430480_1.jpg',0),
(145,'',194,'1330430484_2.jpg',0),
(146,'',194,'1330430487_3.jpg',0),
(147,'',194,'1330430492_sh.jpg',0),
(148,'',96,'1324549601_1.jpg',0),
(149,'',96,'1324549607_uzay0001.jpg',0),
(150,'',96,'1330434253_1.jpg',0),
(151,'',96,'1330434258_2.jpg',0),
(152,'',96,'1330434264_3.jpg',0),
(153,'',96,'1330434271_sh.jpg',0),
(154,'',98,'1324549686_DSC_8603.JPG',0),
(155,'',98,'1330430863_2.jpg',0),
(156,'',98,'1324549706_Glamour.JPG',0),
(157,'',98,'1324549763_22.JPG',0),
(158,'',98,'1325159891_DSC_8658.JPG',0),
(159,'',98,'1330430847_1.jpg',0),
(160,'',98,'1330430868_3.jpg',0),
(161,'',98,'1330430873_sh.jpg',0),
(162,'',198,'1330430907_1.jpg',0),
(163,'',198,'1330430912_2.jpg',0),
(164,'',198,'1330430917_3.jpg',0),
(165,'',198,'1330430921_sh.jpg',0),
(166,'',99,'1324549857_DSC_8459.JPG',0),
(167,'',99,'1324549863_DSC_8481.JPG',0),
(168,'',99,'1324549873_DSC_8495.JPG',0),
(169,'',99,'1324549920_96.JPG',0),
(170,'',99,'1330431014_1.jpg',0),
(171,'',99,'1330431032_2.jpg',0),
(172,'',99,'1330431037_3.jpg',0),
(173,'',99,'1330431042_sh.jpg',0),
(174,'',201,'1330431130_1.jpg',0),
(175,'',201,'1330431134_2.jpg',0),
(176,'',201,'1330431138_3.jpg',0),
(177,'',101,'1324554055_DSC_7784.JPG',0),
(178,'',101,'1324554064_DSC_7793.JPG',0),
(179,'',101,'1324554069_DSC_7821.JPG',0),
(180,'',102,'1324554100_must010000.jpg',0),
(181,'',102,'1330431191_1.jpg',0),
(182,'',102,'1330431196_2.jpg',0),
(183,'',102,'1330431200_3.jpg',0),
(184,'',102,'1330431204_sh.jpg',0),
(185,'',103,'1324554141_nice.JPG',0),
(186,'',103,'1324554150_DSC_1184.JPG',0),
(187,'',103,'1324554155_DSC_1185.JPG',0),
(188,'',103,'1324554168_2.JPG',0),
(189,'',100,'1324550002_DSC_8340.JPG',0),
(190,'',100,'1324550008_DSC_8342.JPG',0),
(191,'',100,'1324550020_DSC_8358.JPG',0),
(192,'',100,'1324550046_98.JPG',0),
(193,'',97,'1324549637__G8Q7991.jpg',0),
(194,'',97,'1324549643__G8Q7992.jpg',0),
(195,'',97,'1324549646_FEND? KOLTUK.jpg',0),
(196,'',104,'1330431240_1.jpg',0),
(197,'',104,'1330431244_2.jpg',0),
(198,'',104,'1330431250_3.jpg',0),
(199,'',104,'1330431256_sh.jpg',0),
(200,'',105,'1330431299_1.jpg',0),
(201,'',105,'1330431303_2.jpg',0),
(202,'',105,'1324554264_1.jpg',0),
(203,'',105,'1324554269__G8Q8033.jpg',0),
(204,'',105,'1324554273__G8Q8036.jpg',0),
(205,'',105,'1330431308_3.jpg',0),
(206,'',105,'1330431317_sh.jpg',0),
(207,'',202,'1330431352_1.jpg',0),
(208,'',202,'1330431357_2.jpg',0),
(209,'',202,'1330431361_3.jpg',0),
(210,'',202,'1330431366_sh.jpg',0),
(211,'',106,'1324554300_SOFIA KOLTUK.jpg',0),
(212,'',107,'1324554341_1.jpg',0),
(213,'',107,'1324554345__G8Q8045.jpg',0),
(214,'',107,'1324554355__G8Q8049.jpg',0),
(215,'',107,'1330431412_1.jpg',0),
(216,'',107,'1330431420_2.jpg',0),
(217,'',107,'1330431424_3.jpg',0),
(218,'',107,'1330431430_sh.jpg',0),
(219,'',108,'1324554434_1.JPG',0),
(220,'',108,'1324554451_DSC_1096.JPG',0),
(221,'',108,'1324554456_DSC_1097.JPG',0),
(222,'',108,'1324554460_DSC_1128.JPG',0),
(223,'',108,'1324554466_DSC_1129.JPG',0),
(224,'',108,'1330431457_1.jpg',0),
(225,'',108,'1330431471_2.jpg',0),
(226,'',108,'1330431478_3.jpg',0),
(227,'',203,'1330431514_1.jpg',0),
(228,'',203,'1330431518_2.jpg',0),
(229,'',203,'1330431521_3.jpg',0),
(230,'',203,'1330431527_sh.jpg',0),
(231,'',204,'1330433611_1.jpg',0),
(232,'',204,'1330433618_2.jpg',0),
(233,'',204,'1330433623_3.jpg',0),
(234,'',204,'1330433628_sh.jpg',0),
(235,'',111,'1324554659_DSC_8243.JPG',0),
(236,'',111,'1324554663_DSC_8195.JPG',0),
(237,'',111,'1324554669_DSC_8203.JPG',0),
(238,'',111,'1324554705_2.JPG',0),
(239,'',111,'1330433669_2.jpg',0),
(240,'',111,'1330433683_1.jpg',0),
(241,'',111,'1330433690_sh.jpg',0),
(242,'',112,'1324556103_1.jpg',0),
(243,'',112,'1331708084_3.jpg',0),
(244,'',112,'1331708074_2.jpg',0),
(245,'',112,'1331708039_1.jpg',0),
(246,'',112,'1324556279_koltuk04.jpg',0),
(247,'',112,'1324556208_koltuk03.jpg',0),
(248,'',112,'1324556202_koltuk01.jpg',0),
(249,'',112,'1324556196_3.jpg',0),
(250,'',112,'1324556120_2.jpg',0),
(251,'',112,'1331708091_sh.jpg',0),
(252,'',193,'1330430437_1.jpg',0),
(253,'',193,'1330430441_2.jpg',0),
(254,'',193,'1330430444_3.jpg',0),
(255,'',193,'1330430448_sh.jpg',0),
(256,'',116,'1324556435_DSC_7982.JPG',0),
(257,'',116,'1324556441_DSC_7986.JPG',0),
(258,'',116,'1324556446_DSC_7992.JPG',0),
(259,'',116,'1324556451_DSC_8008.JPG',0),
(260,'',116,'1324556455_DSC_8026.JPG',0),
(261,'',116,'1330435298_3.jpg',0),
(262,'',116,'1330435306_2.jpg',0),
(263,'',116,'1330435311_sh.jpg',0),
(264,'',113,'1324556324_1.jpg',0),
(265,'',113,'1330435389_1.jpg',0),
(266,'',113,'1330435395_2.jpg',0),
(267,'',113,'1330435400_3.jpg',0),
(268,'',113,'1330435404_sh.jpg',0),
(269,'',200,'1330431084_1.jpg',0),
(270,'',200,'1330431089_3.jpg',0),
(271,'',200,'1330431095_2.jpg',0),
(272,'',200,'1330431100_sh.jpg',0),
(273,'',199,'1330430968_1.jpg',0),
(274,'',199,'1330430974_2.jpg',0),
(275,'',199,'1330430978_3.jpg',0),
(276,'',199,'1330430982_sh.jpg',0),
(277,'',117,'1324556483_DSC_8773.JPG',0),
(278,'',117,'1324556486_DSC_8779.JPG',0),
(279,'',117,'1324556491_DSC_8783.JPG',0),
(280,'',117,'1324556496_DSC_8784.JPG',0),
(281,'',118,'1324556533_1.JPG',0),
(282,'',118,'1324556538_2.JPG',0),
(283,'',118,'1324556543_DSC_7930.JPG',0),
(284,'',121,'1324557790_1.JPG',0),
(285,'',122,'1324557820_1.JPG',0),
(286,'',122,'1324557826_DSC_8543.JPG',0),
(287,'',122,'1324557831_DSC_8544.JPG',0),
(288,'',122,'1330504854_2.jpg',0),
(289,'',122,'1330504859_1.jpg',0),
(290,'',123,'1324557876_1.JPG',0),
(291,'',123,'1324557881_DSC_9150.JPG',0),
(292,'',125,'1324557970_Lady Berjer.JPG',0),
(293,'',125,'1324557983_DSC_8573.JPG',0),
(294,'',125,'1330504888_1.jpg',0),
(295,'',125,'1330504892_2.jpg',0),
(296,'',126,'1324558024_DSC_8552.JPG',0),
(297,'',126,'1330504916_1.jpg',0),
(298,'',126,'1330504920_2.jpg',0),
(299,'',214,'1330504968_1.jpg',0),
(300,'',214,'1330504972_2.jpg',0),
(301,'',128,'1324623093_grand kollu.JPG',0),
(302,'',128,'1330505339_grand.jpg',0),
(303,'',128,'1330505404_grand-kollu.jpg',0),
(304,'',216,'1330505441_P1.jpg',0),
(305,'',130,'1324623488_pier 2.JPG',0),
(306,'',130,'1330505560_P2.jpg',0),
(307,'',165,'1324978816_pier 3.JPG',0),
(308,'',165,'1330505585_P3.jpg',0),
(309,'',132,'1324623564_GLAMOUR.JPG',0),
(310,'',132,'1330505615_P4.jpg',0),
(311,'',129,'1330505654_P5.jpg',0),
(312,'',166,'1330505695_P6.jpg',0),
(313,'',166,'1324978873_pier 6.JPG',0),
(314,'',167,'1324978902_pier 7.JPG',0),
(315,'',167,'1330505726_P7.jpg',0),
(316,'',217,'1330505786_P8.jpg',0),
(317,'',133,'1330505754_P9.jpg',0),
(318,'',168,'1330505823_P10.jpg',0),
(319,'',218,'1330505853_P11.jpg',0),
(320,'',219,'1330505895_tria-banch.jpg',0),
(321,'',137,'1324979242_angel.jpg',0),
(322,'',137,'1324979255_Angel.jpg',0),
(323,'',221,'1330508992_2.jpg',0),
(324,'',221,'1330508998_1.jpg',0),
(325,'',222,'1330509038_2.jpg',0),
(326,'',222,'1330509042_1.jpg',0),
(327,'',223,'1330509112_1.jpg',0),
(328,'',223,'1330509116_2.jpg',0),
(329,'',138,'1324624596_CANNES.jpg',0),
(330,'',139,'1324624621_CORNER.jpg',0),
(331,'',134,'1324624312_DUE 2.jpg',0),
(332,'',134,'1324624319_DUE.jpg',0),
(333,'',140,'1324624655_DUET ORTA SEHPA.jpg',0),
(334,'',140,'1330509151_1.jpg',0),
(335,'',140,'1330509154_2.jpg',0),
(336,'',135,'1324624342_EVA 1.jpg',0),
(337,'',135,'1330509271_2.jpg',0),
(338,'',135,'1330509263_1.jpg',0),
(339,'',170,'1330509421_1.jpg',0),
(340,'',170,'1330509424_2.jpg',0),
(341,'',170,'1330509436_orta1.jpg',0),
(342,'',170,'1330509442_orta2.jpg',0),
(343,'Dresuar',170,'1330509457_dresuar.jpg',0),
(344,'Dresuar',170,'1330509467_dresuar2.jpg',0),
(345,'',169,'1324979588_Glamour.JPG',0),
(346,'',169,'1330509301_1.jpg',0),
(347,'',169,'1330509308_2.jpg',0),
(348,'Orta',169,'1330509323_orta2.jpg',0),
(349,'Orta',169,'1330509334_orta.jpg',0),
(350,'',141,'1330509516_1.jpg',0),
(351,'',141,'1330509522_2.jpg',0),
(352,'',142,'1324625418_stol.jpg',0),
(353,'',143,'1324624725_MATRIX.jpg',0),
(354,'',143,'1324625691_st.jpg',0),
(355,'',144,'1324979447_Nice.JPG',0),
(356,'',144,'1324624750_NICE.JPG',0),
(357,'',136,'1324624498_dsaffgg.jpg',0),
(358,'',136,'1324624505_klk?lklk.jpg',0),
(359,'',136,'1324624509_p zigon.jpg',0),
(360,'',136,'1324624514_zigon11.jpg',0),
(361,'',136,'1330509595_1.jpg',0),
(362,'',136,'1330509611_4.jpg',0),
(363,'',224,'1330509649_1.jpg',0),
(364,'',224,'1330509653_2.jpg',0),
(365,'',145,'1324624870_SAVARONA.jpg',0),
(366,'',146,'1324624899_SOFT YAN.jpg',0),
(367,'',146,'1330509695_1.jpg',0),
(368,'',146,'1330509700_2.jpg',0),
(369,'',146,'1330509705_3.jpg',0),
(370,'',147,'1324624930_SURF.jpg',0),
(371,'',225,'1330509733_1.jpg',0),
(372,'',225,'1330509736_2.jpg',0),
(373,'',226,'1330509760_1.jpg',0),
(374,'',226,'1330509767_2.jpg',0),
(375,'',226,'1330509774_4.jpg',0),
(376,'',226,'1330509778_3.jpg',0),
(377,'',148,'1331709387_1.jpg',0),
(378,'',148,'1330509832_2.jpg',0),
(379,'',148,'1331709394_2.jpg',0),
(380,'',148,'1330509837_1.jpg',0),
(381,'Dresuar',148,'1330509849_tria-dresuar2.jpg',0),
(382,'Dresuar',148,'1330509858_tria-dresuar.jpg',0),
(383,'',149,'1330509940_1.jpg',0),
(384,'',149,'1330510045_2.jpg',0),
(385,'',150,'1330510085_2.jpg',0),
(386,'',150,'1324624992_ZEN.jpg',0),
(387,'',150,'1330510096_1.jpg',0),
(388,'',151,'1324625014_zigon.jpg',0),
(389,'',151,'1331709578_1.jpg',0),
(390,'',151,'1331709584_2.jpg',0),
(391,'',185,'1330422153_1.jpg',0),
(392,'',185,'1330422158_2.jpg',0),
(393,'',185,'1330422163_3.jpg',0),
(394,'',186,'1330423028_1.jpg',0),
(395,'',186,'1330423034_2.jpg',0),
(396,'',186,'1330423040_3.jpg',0),
(397,'',50,'1324537890_1.jpg',0),
(398,'',50,'1324537896_2.jpg',0),
(399,'',50,'1324537903_3.jpg',0),
(400,'',51,'1324538383_1.jpg',0),
(401,'',51,'1324538390_2.jpg',0),
(402,'',53,'1324538583_1.jpg',0),
(403,'',53,'1324538591_2.jpg',0),
(404,'',53,'1330423112_1.jpg',0),
(405,'',53,'1330423120_2.jpg',0),
(406,'Схема',53,'1330423129_sh.jpg',0),
(407,'',62,'1324538682_1.JPG',0),
(408,'',62,'1330423200_3.jpg',0),
(409,'',62,'1330423192_2.jpg',0),
(410,'',62,'1330423185_1.jpg',0),
(411,'',62,'1324538722_6.JPG',0),
(412,'',62,'1324538713_5.JPG',0),
(413,'',62,'1324538704_4.JPG',0),
(414,'',62,'1324538697_3.JPG',0),
(415,'',62,'1324538690_2.JPG',0),
(416,'Схема',62,'1330423211_sh.jpg',0),
(417,'',63,'1324538776_1.jpg',0),
(418,'',63,'1324538791_we.jpg',0),
(419,'',63,'1330423275_1.jpg',0),
(420,'',63,'1330423283_2.jpg',0),
(421,'',63,'1330423288_3.jpg',0),
(422,'',63,'1330423294_4.jpg',0),
(423,'Схема',63,'1330423304_sh.jpg',0),
(424,'',64,'1324538830_eeedr0002 copy.jpg',0),
(425,'',64,'1324538842_eeedr0001.jpg',0),
(426,'',65,'1324538876_trttt4.jpg',0),
(427,'',65,'1324538886_003.jpg',0),
(428,'',187,'1330423351_1.jpg',0),
(429,'',187,'1330423356_2.jpg',0),
(430,'',187,'1330423364_3.jpg',0),
(431,'Схема',187,'1330423373_sh.jpg',0),
(432,'',188,'1330423475_1.jpg',0),
(433,'',188,'1330423481_2.jpg',0),
(434,'',188,'1330423488_3.jpg',0),
(435,'Схема',188,'1330423499_sh.jpg',0),
(436,'',67,'1324539009_1.jpg',0),
(437,'',67,'1324539015_cdccf.jpg',0),
(438,'',68,'1324539094_dddwd.jpg',0),
(439,'',68,'1324539101_rfggrg.jpg',0),
(440,'',68,'1324539108_soft konsol.jpg',0),
(441,'',68,'1330424194_1.jpg',0),
(442,'',68,'1330424199_2.jpg',0),
(443,'',68,'1330424205_3.jpg',0),
(444,'',68,'1330424210_5.jpg',0),
(445,'Схема',68,'1330424218_sh.jpg',0),
(446,'',189,'1330424257_1.jpg',0),
(447,'',189,'1330424263_2.jpg',0),
(448,'',189,'1330424268_3.jpg',0),
(449,'',69,'1324539146_1.jpg',0),
(450,'',69,'1324539153_2.jpg',0),
(451,'',69,'1324975705_toulon yemek.jpg',0),
(452,'',69,'1330425101_1.jpg',0),
(453,'',69,'1330425109_2.jpg',0),
(454,'Схема',69,'1330425120_sh.jpg',0),
(455,'',66,'1324538918_rr4540001.jpg',0),
(456,'',66,'1324538924_rr4540002.jpg',0),
(457,'',66,'1330425143_1.jpg',0),
(458,'',66,'1330425148_2.jpg',0),
(459,'',66,'1330425157_3.jpg',0),
(460,'Схема',66,'1330425168_sh.jpg',0),
(461,'',70,'1324539211_1.jpg',0),
(462,'',70,'1324539216_2.jpg',0),
(463,'',70,'1324539225_3.jpg',0),
(464,'',70,'1324539231_4.jpg',0),
(465,'',71,'1324539379_001.jpg',0),
(466,'',71,'1324539386_2.jpg',0),
(467,'',71,'1324539390_shema.jpg',0),
(468,'',71,'1330425214_1.jpg',0),
(469,'',71,'1330425220_2.jpg',0),
(470,'',71,'1330425226_3.jpg',0),
(471,'',71,'1330425231_sh.jpg',0),
(472,'Черный выриант',72,'1324539980_2.jpg',0),
(473,'',72,'1330425373_2.jpg',0),
(474,'',72,'1324540154_002ab.jpg',0),
(475,'',72,'1324540146_002a.jpg',0),
(476,'',72,'1324540136_002.jpg',0),
(477,'',72,'1324540128_001.jpg',0),
(478,'',72,'1324540122_black.jpg',0),
(479,'',72,'1324540111_zenyatak01.jpg',0),
(480,'Черный выриант',72,'1324540094_bl2.jpg',0),
(481,'Белый выриант',72,'1324540081_la2.jpg',0),
(482,'Черный выриант',72,'1324540058_bl3.jpg',0),
(483,'Белый выриант',72,'1324540036_la3.jpg',0),
(484,'Белый выриант',72,'1324539892_light.jpg',0),
(485,'',72,'1330425381_sh.jpg',0),
(486,'',209,'1330502369_1.jpg',0),
(487,'',209,'1330502373_2.jpg',0),
(488,'',209,'1330502376_3.jpg',0),
(489,'',209,'1330502380_sh.jpg',0),
(490,'',210,'1330502426_1.jpg',0),
(491,'',210,'1330502429_2.jpg',0),
(492,'',210,'1330502433_3.jpg',0),
(493,'',210,'1330502455_sh.jpg',0),
(494,'',211,'1330502486_1.jpg',0),
(495,'',211,'1330502489_2.jpg',0),
(496,'',211,'1330502500_3.jpg',0),
(497,'',211,'1330502504_sh.jpg',0),
(498,'',153,'1324626554_LEGO TV.jpg',0),
(499,'',153,'1324626560_legoduvar.jpg',0),
(500,'',153,'1330502527_1.jpg',0),
(501,'',153,'1330502538_3.jpg',0),
(502,'',153,'1330502542_sh.jpg',0),
(503,'',154,'1324626593_LYON TV.jpg',0),
(504,'',154,'1324626625_1.jpg',0),
(505,'',154,'1324626633_3.jpg',0),
(506,'Схема панели',154,'1324971879_lyon tv.JPG',0),
(507,'',155,'1324626662_1.jpg',0),
(508,'',155,'1324626670_2.jpg',0),
(509,'',155,'1324626678_3.jpg',0),
(510,'',155,'1324626684_4.jpg',0),
(511,'Схема панели',155,'1324971906_marakesh.JPG',0),
(512,'',156,'1324626745_MATRIX TV.jpg',0),
(513,'',156,'1324626755_matrix.jpg',0),
(514,'',156,'1324626763_5.jpg',0),
(515,'',156,'1324626768__G8Q7740.jpg',0),
(516,'',157,'1324626804_cscscf0001.jpg',0),
(517,'',157,'1324626818_NICE TV.jpg',0),
(518,'',157,'1324626842_cduvar.jpg',0),
(519,'Схема панели',157,'1324971928_nice.JPG',0),
(520,'',157,'1330502582_1.jpg',0),
(521,'',157,'1330502586_2.jpg',0),
(522,'',157,'1330502592_3.jpg',0),
(523,'',157,'1330502599_sh.jpg',0),
(524,'',212,'1330502635_1.jpg',0),
(525,'',212,'1330502638_2.jpg',0),
(526,'',212,'1330502641_3.jpg',0),
(527,'',212,'1330502644_sh.jpg',0),
(528,'',158,'1324626870_1.jpg',0),
(529,'',158,'1324626891_4.jpg',0),
(530,'',158,'1324626899_5.jpg',0),
(531,'',158,'1330502683_1.jpg',0),
(532,'',158,'1330502687_2.jpg',0),
(533,'',158,'1330502695_3.jpg',0),
(534,'',158,'1330502702_sh.jpg',0),
(535,'',159,'1324626930_1.jpg',0),
(536,'',159,'1324626940_2.jpg',0),
(537,'',159,'1324626949_3.jpg',0),
(538,'',159,'1324626957_4.jpg',0),
(539,'',213,'1330502736_1.jpg',0),
(540,'',213,'1330502744_2.jpg',0),
(541,'',213,'1330502748_3.jpg',0),
(542,'',213,'1330502750_sh.jpg',0),
(543,'',160,'1330502792_1.jpg',0),
(544,'',160,'1330502796_2.jpg',0),
(545,'',160,'1330502800_3.jpg',0),
(546,'',160,'1330502803_sh.jpg',0),
(547,'',161,'1324627062_TRIA TV.jpg',0),
(548,'',161,'1324627069_dwsddwwdddee.jpg',0),
(549,'',161,'1330502843_2.jpg',0),
(550,'',161,'1330502850_1.jpg',0),
(551,'',161,'1330502853_3.jpg',0),
(552,'',161,'1330502856_sh.jpg',0),
(553,'',162,'1324627252_ttyggg0003.jpg',0),
(554,'',162,'1330502892_1.jpg',0),
(555,'',162,'1330502895_2.jpg',0),
(556,'',162,'1330502898_sh.jpg',0),
(557,'',163,'1324627275__G8Q7782.jpg',0),
(558,'',163,'1324627293_1.jpg',0),
(559,'',163,'1330502932_1.jpg',0),
(560,'',163,'1330502936_3.jpg',0),
(561,'',163,'1330502940_23.jpg',0),
(562,'',163,'1330502944_sh.jpg',0),
(563,'',215,'1330505247_1.jpg',0),
(564,'',215,'1330505251_2.jpg',0),
(565,'',119,'1324556795_JOSEPHINE 1.JPG',0),
(566,'',119,'1324556801_DSC_9026.JPG',0),
(567,'',119,'1324556810_DSC_9052.JPG',0),
(568,'',119,'1324556817_JOSEPHINE 2.JPG',0),
(569,'',120,'1324978372_IMG_0871.JPG',0),
(570,'',120,'1324978365_IMG_0870.JPG',0),
(571,'',120,'1324978358_IMG_0859.JPG',0),
(572,'',120,'1330505172_1.jpg',0),
(573,'',120,'1330505184_2.jpg',0),
(574,'fresia',231,'1333099813_fresia.jpg',0),
(575,'kirlent',231,'1333099880_kirlent10.jpg',0),
(576,'kirlent',231,'1333099874_kirlent9.jpg',0),
(577,'kirlent',231,'1333099869_kirlent8.jpg',0),
(578,'kirlent',231,'1333099863_kirlent7.jpg',0),
(579,'kirlent',231,'1333099854_kirlent6.jpg',0),
(580,'kirlent',231,'1333099846_kirlent5.jpg',0),
(581,'kirlent',231,'1333099842_kirlent4.jpg',0),
(582,'kirlent',231,'1333099832_kirlent3.jpg',0),
(583,'kirlent',231,'1333099827_kirlent2.jpg',0),
(584,'kirlent',231,'1333099821_kirlent1.jpg',0),
(585,'papillion',231,'1333099895_papillion.jpg',0),
(586,'',127,'1333101224_1.jpg',0),
(587,'rouge puf',127,'1330505054_rouge.jpg',0),
(588,'rouge puf',127,'1330505065_rouge2.jpg',0),
(589,'Red puf',127,'1330505084_red-puf2.jpg',0),
(590,'Red puf',127,'1330505091_red-puf.jpg',0),
(591,'',127,'1333101229_2.jpg',0),
(592,'',127,'1333101257_rouge.jpg',0),
(593,'',127,'1333101266_violette.jpg',0),
(594,'cigno',232,'1333099970_cigno.jpg',0),
(595,'flamingo',232,'1333099976_flamingo.jpg',0),
(596,'lana',232,'1333099982_lana.jpg',0),
(597,'swan',232,'1333099989_swan.jpg',0);

/* Data for table s_menu */
TRUNCATE TABLE `s_menu`;
INSERT INTO `s_menu` (`id`, `name`, `position`) VALUES
(1,'Основное меню',1),
(2,'Другие страницы',2);

/* Data for table s_options */
TRUNCATE TABLE `s_options`;

/* Data for table s_orders */
TRUNCATE TABLE `s_orders`;

/* Data for table s_pages */
TRUNCATE TABLE `s_pages`;
INSERT INTO `s_pages` (`id`, `url`, `name`, `meta_title`, `meta_description`, `meta_keywords`, `body`, `menu_id`, `position`, `visible`, `header`) VALUES
(2,'about-pierre-cardin','О Пьере Кардене','О Пьере Кардене','О Пьере Кардене','О Пьере Кардене','<table border=\"0\" cellpadding=\"1\" cellspacing=\"1\" style=\"width: 100%;\"><tbody><tr><td align=\"top\"><h1>О дизайнере Пьере Кардене</h1><p>В истории моды есть несколько личностей, которые уже при жизни стали своеобразными мифами, символом того прекрасного и изменчивого искусства, которое называют Высокой модой.&nbsp;<strong>Одна такая легенда&nbsp;&mdash;&nbsp;&nbsp;Пьер Карден.</strong><strong><br /></strong>Его роскошный парижский офис расположен прямо напротив Дворца Президента Франции. В этом доме на авеню Марини, Пьер Карден работает почти полвека. Знаменитый мэтр при этом любит повторять: \"Чтобы стать кутюрье, им надо родиться\". Будущий великий модельер родился в 1922 году в небольшом городке неподалеку от Венеции, однако 1925 году его семья переезжает во Францию.</p><p>&nbsp;&nbsp;В 1945 году Пьер Карден впервые&nbsp;приезжает в Париж.&nbsp; Вскоре он увлекается &nbsp;архитектурой, но потом, решает сделать карьеру все же в мире моды (а для этого надо было стать прекрасным мастером), он устроился работать в самые престижные парижские дома моды - ассистентом у мадам Пакин (Madame Paquin), Эльзы Скиапарелли (Elsa Schiaparelli) и Кристиана Диора (Christian Dior).</p></td><td><img width=\"240\" height=\"306\" alt=\"Pierre Cardin\" src=\"/files/uploads/pierre_cardin.jpg\" /></td></tr></tbody></table><p>&nbsp;В 1946 он стал ведущим дизайнером в студии Кристиана Диора. Там он получил бесценный опыт и помогал в создании великолепных платьев для \"Красавицы и чудовища\" Жана Кокто. \"Я делал костюмы к фильмам Кокто, сам, вот этими руками, я обшивал Жана Маре... Все примерки делались на меня\",&nbsp;&mdash;&nbsp;рассказывал позднее он.&nbsp;<br />В 1960-м он совершает настоящую революцию, он первым вводит в обращение систему лицензирования и открывает производство своей одежды в Японии, Китае и в Советском Союзе. 900 лицензий, распространенных в 140 странах мира и 200000 человек по всему миру, работающих в настоящее время под торговой маркой \"Pierre Cardin\", делают ее одной из самых успешных в мире.</p><div>По признанию самого мэтра, он часто бывает в России и любит нашу страну. В 1986 году Карден подписал первый контракт на производство своей коллекции на территории России. А в июне 1991 года состоялся грандиозный показ 50 моделей Пьера Кардена на Красной Площади в Москве перед 200-тысячной аудиторией.</div><div>Пьер Карден (Pierre Cardin) запатентовал более 500 дизайнерских изобретений, которые охватывают достижения не только в области моделирования одежды, но и транспорта, архитектуры и рекламы. На данный момент под его именем открыты более 8 тысяч бутиков, рестораны, театры, часы, парфюмерия, облицовочная плитка, производство элитной&nbsp; мебели, аксессуары и многое другое.</div><h3>Торговая марка Pierre Cardin известна во всем мире.</h3><div>Это истинно французский шик и элегантность.</div><div>&nbsp;Карден является обладателем 24 престижных международных и французских наград. В 1974 году Карден стал кавалером ордена</div><div>&nbsp;</div><div>Почетного легиона, а в 1988&nbsp;&mdash;&nbsp;итальянского ордена \"За заслуги\" и \"Священные сокровища\" - высшей награды Ватикана. В 1985 году Карден был избран членом французской Академии изящных искусств и стал \"бессмертным\", как называют во Франции почетных академиков. В 1990 году коллекции Кардена выставлялись в лондонском Музее Виктории и Альберта, что является большой честью даже для знаменитых мастеров.&nbsp;</div><p>Сам Пьер Карден считает свою жизнь удавшейся:&nbsp;<strong>&laquo; Не так много людей, которые могут сказать, что они счастливы в жизни, но я могу сказать, что я счастлив.&raquo;</strong></p>',1,3,1,'О Пьере Кардене'),
(3,'about-us','О нас','О нас','О компании','Pierre Cardin Mobilia','<h2>Pierre Cardin Mobilia</h2><p>Компания...</p>',1,2,1,'О нас'),
(4,'blog','Новости','Новости','','Новости','',1,4,1,'Новости'),
(5,'404','','Страница не найдена','Страница не найдена','Страница не найдена','<p>Страница не найдена</p>',2,5,1,'Страница не найдена'),
(6,'contacts','Контакты','Контакты','Контакты','Контакты','<h3>Магазины мебели &laquo;Пьер Карден&raquo; в Киеве</h3><p>ул. Мечникова, 9</p><p>тел. +380 (44) 228-21-09</p><p>&nbsp;</p><div id=\"ymaps-map-container1\" style=\"width: 600px; height: 450px;\"></div><div style=\"width: 600px; text-align: right;\"><a href=\"http://api.yandex.ru/maps/tools/constructor/?lang=ru-RU\" target=\"_blank\" style=\"color: #1a3dc1; font: 13px Arial,Helvetica,sans-serif;\">Создано с помощью инструментов Яндекс.Карт</a></div><script type=\"text/javascript\" src=\"http://api-maps.yandex.ru/2.0/?coordorder=longlat&amp;load=package.full&amp;wizard=constructor&amp;lang=ru-RU\"></script><script type=\"text/javascript\">// <![CDATA[\r\nymaps.ready(function() {\r\n\r\nvar map1 = new ymaps.Map(\"ymaps-map-container1\", {center: [30.534800223278634, 50.43802217137819], zoom: 15, type: \"yandex#map\"});\r\nmap1.controls.add(\"zoomControl\").add(\"mapTools\").add(new ymaps.control.TypeSelector([\"yandex#map\", \"yandex#satellite\", \"yandex#hybrid\", \"yandex#publicMap\"]));\r\nmap1.geoObjects.add(new ymaps.Placemark([30.534006, 50.438045], {balloonContent: \"ул. Мечникова, 9\"}, {preset: \"twirl#redDotIcon\"}));\r\n});\r\n// ]]></script><!-- Этот блок кода нужно вставить в ту часть страницы, где вы хотите разместить карту (конец) -->',1,8,1,'Котакты'),
(7,'products','Все товары','Все товары','','Все товары','',2,7,1,'Все товары'),
(8,'shops','Магазины','Магазины','Магазины','Магазины','<p>Тут будет карта с магазинами</p>',1,6,1,'Магазины');

/* Data for table s_payment_methods */
TRUNCATE TABLE `s_payment_methods`;

/* Data for table s_products */
TRUNCATE TABLE `s_products`;
INSERT INTO `s_products` (`id`, `url`, `brand_id`, `name`, `annotation`, `body`, `visible`, `position`, `meta_title`, `meta_keywords`, `meta_description`, `created`, `featured`, `external_id`) VALUES
(234,'Кровати-begonia',0,'Begonia','','',1,0,'','','','2012-05-01 09:11:40',0,''),
(233,'Кровати-basilic',0,'Basilic','','',1,0,'','','','2012-05-01 09:11:53',0,''),
(235,'Кровати-black_tulip',0,'Black tulip','','',1,0,'','','','2012-05-01 09:12:08',0,''),
(236,'Кровати-camelia',0,'Camelia','','',1,0,'','','','2012-05-01 09:12:24',0,''),
(237,'Кровати-casablanca',0,'Casablanca','','',1,0,'','','','2012-05-01 09:12:38',0,''),
(238,'Кровати-daisy',0,'Daisy','','',1,0,'','','','2012-05-01 09:12:52',0,''),
(239,'Кровати-rosa',0,'Rosa','','',1,0,'','','','2012-05-01 09:13:04',0,''),
(240,'Кровати-rouge',0,'Rouge','','',1,0,'','','','2012-05-01 09:13:23',0,''),
(241,'Кровати-turqoie',0,'Turqoie','','',1,0,'','','','2012-05-01 09:13:36',0,''),
(242,'Кровати-violette',0,'Violette','','',1,0,'','','','2012-05-01 09:13:53',0,''),
(243,'Матрасы-lateks',0,'Lateks','','<p>&nbsp;Характеристики</p>',1,0,'','','','2012-05-01 09:14:06',0,''),
(244,'Матрасы-merino',0,'Merino','','',1,0,'','','','2012-05-01 09:14:09',0,''),
(245,'Матрасы-notre_dam',0,'Notre dam','','',1,0,'','','','2012-05-01 09:14:11',0,''),
(246,'Матрасы-sant_denis',0,'Sant denis','','',1,0,'','','','2012-05-01 09:14:20',0,''),
(247,'Матрасы-silpuama',0,'Silpuama','','',1,0,'','','','2012-05-01 09:14:25',0,''),
(248,'Матрасы-versailles',0,'Versailles','','',1,0,'','','','2012-05-01 09:14:29',0,''),
(52,'Спальни-angel',0,'Angel','','',1,0,'','','','2012-05-01 09:14:32',0,''),
(205,'Спальни-arles',0,'Arles','','',1,0,'','','','2012-05-01 09:14:59',0,''),
(206,'Спальни-brest',0,'Brest','','',1,0,'','','','2012-05-01 09:15:11',0,''),
(87,'Спальни-glamour',0,'Glamour','','',1,0,'','','','2012-05-01 09:15:24',0,''),
(88,'Спальни-grand',0,'Grand','','',1,0,'','','','2012-05-01 09:15:48',0,''),
(89,'Спальни-lotus',0,'Lotus','','',1,0,'','','','2012-05-01 09:16:25',0,''),
(90,'Спальни-marakesh',0,'Marakesh','','',1,0,'','','','2012-05-01 09:16:51',0,''),
(207,'Спальни-rene',0,'Rene','','',1,0,'','','','2012-05-01 09:17:15',0,''),
(91,'Спальни-soft',0,'Soft','','',1,0,'','','','2012-05-01 09:17:28',0,''),
(208,'Спальни-tallis',0,'Tallis','','',1,0,'','','','2012-05-01 09:17:53',0,''),
(92,'Спальни-toulon',0,'Toulon','','',1,0,'','','','2012-05-01 09:18:05',0,''),
(93,'Спальни-tria',0,'Tria','','',1,0,'','','','2012-05-01 09:18:32',0,''),
(94,'Спальни-valencia',0,'Valencia','','',1,0,'','','','2012-05-01 09:18:50',0,''),
(95,'Спальни-zen',0,'Zen','','',1,0,'','','','2012-05-01 09:19:05',0,''),
(57,'Диваны-angel',0,'Angel','','',1,0,'','','','2012-05-01 09:19:28',0,''),
(190,'Диваны-arles',0,'Arles','','',1,0,'','','','2012-05-01 09:19:57',0,''),
(191,'Диваны-brest',0,'Brest','','',1,0,'','','','2012-05-01 09:20:07',0,''),
(192,'Диваны-brond',0,'Brond','','',1,0,'','','','2012-05-01 09:20:20',0,''),
(194,'Диваны-chester',0,'Chester','','',1,0,'','','','2012-05-01 09:20:30',0,''),
(96,'Диваны-eiffel',0,'Eiffel','','',1,0,'','','','2012-05-01 09:20:42',0,''),
(98,'Диваны-glamour',0,'Glamour','','',1,0,'','','','2012-05-01 09:21:03',0,''),
(198,'Диваны-gonesse',0,'Gonesse','','',1,0,'','','','2012-05-01 09:21:32',0,''),
(99,'Диваны-grand',0,'Grand','','',1,0,'','','','2012-05-01 09:21:46',0,''),
(201,'Диваны-marin',0,'Marin','','',1,0,'','','','2012-05-01 09:22:15',0,''),
(101,'Диваны-miami',0,'Miami','','',1,0,'','','','2012-05-01 09:22:25',0,''),
(102,'Диваны-must',0,'Must','','',1,0,'','','','2012-05-01 09:22:37',0,''),
(103,'Диваны-nice',0,'Nice','','',1,0,'','','','2012-05-01 09:22:59',0,''),
(100,'Диваны-jevel',0,'Jevel','','',1,0,'','','','2012-05-01 09:23:25',0,''),
(97,'Диваны-rendi',0,'Rendi','','',1,0,'','','','2012-05-01 09:23:40',0,''),
(104,'Диваны-salsa',0,'Salsa','','',1,0,'','','','2012-05-01 09:23:49',0,''),
(105,'Диваны-sandra',0,'Sandra','','',1,0,'','','','2012-05-01 09:24:01',0,''),
(202,'Диваны-stefany',0,'Stefany','','',1,0,'','','','2012-05-01 09:24:27',0,''),
(106,'Диваны-sofia',0,'Sofia','','',1,0,'','','','2012-05-01 09:24:40',0,''),
(107,'Диваны-tnt',0,'Tnt','','',1,0,'','','','2012-05-01 09:24:40',0,''),
(108,'Диваны-toulon',0,'Toulon','','',1,0,'','','','2012-05-01 09:25:07',0,''),
(203,'Диваны-tria',0,'Tria','','',1,0,'','','','2012-05-01 09:25:38',0,''),
(204,'Диваны-vairon',0,'Vairon','','',1,0,'','','','2012-05-01 09:25:57',0,''),
(111,'Диваны-zen',0,'Zen','','',1,0,'','','','2012-05-01 09:26:08',0,''),
(112,'Угловые_диваны-angel',0,'Angel','','',1,0,'','','','2012-05-01 09:26:36',0,''),
(193,'Угловые_диваны-capri',0,'Capri','','',1,0,'','','','2012-05-01 09:27:20',0,''),
(116,'Угловые_диваны-esse',0,'Esse','','',1,0,'','','','2012-05-01 09:27:33',0,''),
(113,'Угловые_диваны-eva',0,'Eva','','',1,0,'','','','2012-05-01 09:28:02',0,''),
(200,'Угловые_диваны-istanbul',0,'Istanbul','','',1,0,'','','','2012-05-01 09:28:18',0,''),
(199,'Угловые_диваны-gonesse_cose',0,'Gonesse cose','','',1,0,'','','','2012-05-01 09:28:30',0,''),
(117,'Угловые_диваны-setra',0,'Setra','','',1,0,'','','','2012-05-01 09:28:48',0,''),
(118,'Угловые_диваны-zen',0,'Zen','','',1,0,'','','','2012-05-01 09:29:08',0,''),
(121,'Кресла-arthur',0,'Arthur','','',1,0,'','','','2012-05-01 09:29:21',0,''),
(122,'Кресла-canon',0,'Canon','','',1,0,'','','','2012-05-01 09:29:23',0,''),
(123,'Кресла-duffy',0,'Duffy','','',1,0,'','','','2012-05-01 09:29:50',0,''),
(125,'Кресла-lady',0,'Lady','','',1,0,'','','','2012-05-01 09:29:57',0,''),
(126,'Кресла-moda',0,'Moda','','',1,0,'','','','2012-05-01 09:30:10',0,''),
(214,'Кресла-smart',0,'Smart','','',1,0,'','','','2012-05-01 09:30:22',0,''),
(128,'Стулья-grand',0,'Grand','','',1,0,'','','','2012-05-01 09:30:28',0,''),
(216,'Стулья-pierre_1',0,'Pierre 1','','',1,0,'','','','2012-05-01 09:30:41',0,''),
(130,'Стулья-pierre_2',0,'Pierre 2','','',1,0,'','','','2012-05-01 09:30:45',0,''),
(165,'Стулья-pierre_3',0,'Pierre 3','','',1,0,'','','','2012-05-01 09:30:49',0,''),
(132,'Стулья-pierre_4',0,'Pierre 4','','',1,0,'','','','2012-05-01 09:30:53',0,''),
(129,'Стулья-pierre_5',0,'Pierre 5','','',1,0,'','','','2012-05-01 09:31:01',0,''),
(166,'Стулья-pierre_6',0,'Pierre 6','','',1,0,'','','','2012-05-01 09:31:04',0,''),
(167,'Стулья-pierre_7',0,'Pierre 7','','',1,0,'','','','2012-05-01 09:31:10',0,''),
(217,'Стулья-pierre_8',0,'Pierre 8','','',1,0,'','','','2012-05-01 09:31:15',0,''),
(133,'Стулья-pierre_9',0,'Pierre 9','','',1,0,'','','','2012-05-01 09:31:19',0,''),
(168,'Стулья-pierre_10',0,'Pierre 10','','',1,0,'','','','2012-05-01 09:31:22',0,''),
(218,'Стулья-pierre_11',0,'Pierre 11','','',1,0,'','','','2012-05-01 09:31:26',0,''),
(219,'Стулья-tria_banch',0,'Tria banch','','',1,0,'','','','2012-05-01 09:31:30',0,''),
(137,'Журнальные_столы-angel',0,'Angel','','',1,0,'','','','2012-05-01 09:31:33',0,''),
(221,'Журнальные_столы-arles',0,'Arles','','',1,0,'','','','2012-05-01 09:31:46',0,''),
(222,'Журнальные_столы-brest',0,'Brest','','',1,0,'','','','2012-05-01 09:31:52',0,''),
(223,'Журнальные_столы-c',0,'C','','',1,0,'','','','2012-05-01 09:31:58',0,''),
(138,'Журнальные_столы-cannes',0,'Cannes','','',1,0,'','','','2012-05-01 09:32:04',0,''),
(139,'Журнальные_столы-corner',0,'Corner','','',1,0,'','','','2012-05-01 09:32:08',0,''),
(134,'Журнальные_столы-due',0,'Due','','',1,0,'','','','2012-05-01 09:32:15',0,''),
(140,'Журнальные_столы-duet',0,'Duet','','',1,0,'','','','2012-05-01 09:32:19',0,''),
(135,'Журнальные_столы-eva',0,'Eva','','',1,0,'','','','2012-05-01 09:32:26',0,''),
(170,'Журнальные_столы-grand',0,'Grand','','',1,0,'','','','2012-05-01 09:32:33',0,''),
(169,'Журнальные_столы-glamour',0,'Glamour','','',1,0,'','','','2012-05-01 09:32:55',0,''),
(141,'Журнальные_столы-lego',0,'Lego','','',1,0,'','','','2012-05-01 09:33:10',0,''),
(142,'Журнальные_столы-marakesh',0,'Marakesh','','',1,0,'','','','2012-05-01 09:33:19',0,''),
(143,'Журнальные_столы-matrix',0,'Matrix','','',1,0,'','','','2012-05-01 09:33:23',0,''),
(144,'Журнальные_столы-nice',0,'Nice','','',1,0,'','','','2012-05-01 09:33:32',0,''),
(136,'Журнальные_столы-pzigon',0,'P-zigon','','',1,0,'','','','2012-05-01 09:33:40',0,''),
(224,'Журнальные_столы-rene',0,'Rene','','',1,0,'','','','2012-05-01 09:34:01',0,''),
(145,'Журнальные_столы-savarona',0,'Savarona','','',1,0,'','','','2012-05-01 09:34:07',0,''),
(146,'Журнальные_столы-soft',0,'Soft','','',1,0,'','','','2012-05-01 09:34:12',0,''),
(147,'Журнальные_столы-surf',0,'Surf','','',1,0,'','','','2012-05-01 09:34:24',0,''),
(225,'Журнальные_столы-tallis',0,'Tallis','','',1,0,'','','','2012-05-01 09:34:27',0,''),
(226,'Журнальные_столы-toulon',0,'Toulon','','',1,0,'','','','2012-05-01 09:34:33',0,''),
(148,'Журнальные_столы-tria',0,'Tria','','',1,0,'','','','2012-05-01 09:34:48',0,''),
(149,'Журнальные_столы-valencia',0,'Valencia','','',1,0,'','','','2012-05-01 09:35:09',0,''),
(150,'Журнальные_столы-zen',0,'Zen','','',1,0,'','','','2012-05-01 09:35:18',0,''),
(151,'Журнальные_столы-zigon',0,'Zigon','','',1,0,'','','','2012-05-01 09:35:29',0,''),
(185,'Столовые-arles',0,'Arles','','',1,0,'','','','2012-05-01 09:35:38',0,''),
(186,'Столовые-brest',0,'Brest','','',1,0,'','','','2012-05-01 09:35:49',0,''),
(50,'Столовые-due',0,'Due','','',1,0,'','','','2012-05-01 09:36:02',0,''),
(51,'Столовые-esse',0,'Esse','','',1,0,'','','','2012-05-01 09:36:16',0,''),
(53,'Столовые-glamour',0,'Glamour','','',1,0,'','','','2012-05-01 09:36:28',0,''),
(62,'Столовые-grand',0,'Grand','','',1,0,'','','','2012-05-01 09:36:49',0,''),
(63,'Столовые-lego',0,'Lego','','',1,0,'','','','2012-05-01 09:37:34',0,''),
(64,'Столовые-marakesh',0,'Marakesh','','',1,0,'','','','2012-05-01 09:38:00',0,''),
(65,'Столовые-most',0,'Most','','',1,0,'','','','2012-05-01 09:38:05',0,''),
(187,'Столовые-Оrlina',0,'Оrlina','','',1,0,'','','','2012-05-01 09:38:13',0,''),
(188,'Столовые-rene',0,'Rene','','',1,0,'','','','2012-05-01 09:38:27',0,''),
(67,'Столовые-savarona',0,'Savarona','','',1,0,'','','','2012-05-01 09:38:45',0,''),
(68,'Столовые-soft',0,'Soft','','',1,0,'','','','2012-05-01 09:38:52',0,''),
(189,'Столовые-tallis',0,'Tallis','','',1,0,'','','','2012-05-01 09:39:21',0,''),
(69,'Столовые-toulon',0,'Toulon','','',1,0,'','','','2012-05-01 09:39:31',0,''),
(66,'Столовые-tria',0,'Tria','','',1,0,'','','','2012-05-01 09:39:51',0,''),
(70,'Столовые-uzay',0,'Uzay','','',1,0,'','','','2012-05-01 09:40:13',0,''),
(71,'Столовые-valencia',0,'Valencia','','',1,0,'','','','2012-05-01 09:40:29',0,''),
(72,'Столовые-zen',0,'Zen','','<p>&nbsp;Есть варианты в черном и в белом цветах</p>',1,0,'','','','2012-05-01 09:41:00',0,''),
(209,'tv_панели-arles',0,'Arles','','',1,0,'','','','2012-05-01 09:42:09',0,''),
(210,'tv_панели-brest',0,'Brest','','',1,0,'','','','2012-05-01 09:42:22',0,''),
(211,'tv_панели-grand',0,'Grand','','',1,0,'','','','2012-05-01 09:42:36',0,''),
(153,'tv_панели-lego',0,'Lego','','',1,0,'','','','2012-05-01 09:42:51',0,''),
(154,'tv_панели-lyon',0,'Lyon','','',1,0,'','','','2012-05-01 09:43:10',0,''),
(155,'tv_панели-marakesh',0,'Marakesh','','',1,0,'','','','2012-05-01 09:43:21',0,''),
(156,'tv_панели-matrix',0,'Matrix','','',1,0,'','','','2012-05-01 09:43:48',0,''),
(157,'tv_панели-nice',0,'Nice','','',1,0,'','','','2012-05-01 09:43:58',0,''),
(212,'tv_панели-rene',0,'Rene','','',1,0,'','','','2012-05-01 09:44:24',0,''),
(158,'tv_панели-soft',0,'Soft','','',1,0,'','','','2012-05-01 09:44:38',0,''),
(159,'tv_панели-surf',0,'Surf','','',1,0,'','','','2012-05-01 09:45:09',0,''),
(213,'tv_панели-tallis',0,'Tallis','','',1,0,'','','','2012-05-01 09:45:28',0,''),
(160,'tv_панели-toulon',0,'Toulon','','',1,0,'','','','2012-05-01 09:45:41',0,''),
(161,'tv_панели-tria',0,'Tria','','',1,0,'','','','2012-05-01 09:45:56',0,''),
(162,'tv_панели-valencia',0,'Valencia','','',1,0,'','','','2012-05-01 09:46:13',0,''),
(163,'tv_панели-zen',0,'Zen','','',1,0,'','','','2012-05-01 09:46:29',0,''),
(215,'Кушетки-chester',0,'Chester','','',1,0,'','','','2012-05-01 09:46:50',0,''),
(119,'Кушетки-josephine',0,'Josephine','','',1,0,'','','','2012-05-01 09:47:00',0,''),
(120,'Кушетки-monroe',0,'Monroe','','',1,0,'','','','2012-05-01 09:47:09',0,''),
(231,'Серия_comfort-Подушки',0,'Подушки','','',1,0,'','','','2012-05-01 09:47:27',0,''),
(127,'Серия_comfort-Пуфы',0,'Пуфы','','',1,0,'','','','2012-05-01 09:48:11',0,''),
(232,'Серия_comfort-Одеялаподушки',0,'Одеяла/подушки','','',1,0,'','','','2012-05-01 09:48:37',0,'');

/* Data for table s_products_categories */
TRUNCATE TABLE `s_products_categories`;
INSERT INTO `s_products_categories` (`product_id`, `category_id`, `position`) VALUES
(234,229,0),
(233,229,0),
(235,229,0),
(236,229,0),
(237,229,0),
(238,229,0),
(239,229,0),
(240,229,0),
(241,229,0),
(242,229,0),
(243,230,0),
(244,230,0),
(245,230,0),
(246,230,0),
(247,230,0),
(248,230,0),
(52,40,0),
(205,40,1),
(206,40,2),
(87,40,3),
(88,40,4),
(89,40,5),
(90,40,6),
(207,40,7),
(91,40,8),
(208,40,9),
(92,40,10),
(93,40,11),
(94,40,12),
(95,40,13),
(57,42,0),
(190,42,1),
(191,42,3),
(192,42,4),
(194,42,5),
(96,42,7),
(98,42,8),
(198,42,9),
(99,42,10),
(201,42,11),
(101,42,12),
(102,42,13),
(103,42,14),
(100,42,15),
(97,42,16),
(104,42,17),
(105,42,18),
(202,42,19),
(106,42,20),
(107,42,21),
(108,42,22),
(203,42,23),
(204,42,24),
(111,42,26),
(112,43,0),
(193,43,1),
(116,43,3),
(113,43,5),
(200,43,6),
(199,43,7),
(117,43,8),
(118,43,9),
(121,45,0),
(122,45,1),
(123,45,2),
(125,45,3),
(126,45,4),
(214,45,5),
(128,46,0),
(216,46,1),
(130,46,2),
(165,46,3),
(132,46,4),
(129,46,5),
(166,46,6),
(167,46,7),
(217,46,8),
(133,46,9),
(168,46,10),
(218,46,11),
(219,46,12),
(137,48,0),
(221,48,1),
(222,48,2),
(223,48,3),
(138,48,4),
(139,48,5),
(134,48,6),
(140,48,7),
(135,48,8),
(170,48,9),
(169,48,10),
(141,48,11),
(142,48,12),
(143,48,13),
(144,48,14),
(136,48,15),
(224,48,16),
(145,48,17),
(146,48,18),
(147,48,19),
(225,48,20),
(226,48,21),
(148,48,22),
(149,48,24),
(150,48,25),
(151,48,26),
(185,41,0),
(186,41,1),
(50,41,3),
(51,41,4),
(53,41,5),
(62,41,6),
(63,41,7),
(64,41,8),
(65,41,9),
(187,41,10),
(188,41,11),
(67,41,12),
(68,41,13),
(189,41,14),
(69,41,15),
(66,41,16),
(70,41,17),
(71,41,18),
(72,41,19),
(209,47,0),
(210,47,1),
(211,47,3),
(153,47,4),
(154,47,5),
(155,47,6),
(156,47,7),
(157,47,8),
(212,47,9),
(158,47,10),
(159,47,11),
(213,47,12),
(160,47,13),
(161,47,14),
(162,47,15),
(163,47,16),
(215,44,0),
(119,44,1),
(120,44,2),
(231,228,2),
(127,228,3),
(232,228,4);

/* Data for table s_purchases */
TRUNCATE TABLE `s_purchases`;

/* Data for table s_related_products */
TRUNCATE TABLE `s_related_products`;

/* Data for table s_settings */
TRUNCATE TABLE `s_settings`;
INSERT INTO `s_settings` (`setting_id`, `name`, `value`) VALUES
(8,'site_name','Великолепный интернет-магазин'),
(9,'company_name','ООО \"Великолепный интернет-магазин\"'),
(50,'units','шт'),
(53,'date_format','d.m.Y'),
(54,'order_email','me@example.com'),
(55,'comment_email','me@example.com'),
(56,'notify_from_email','me@example.com'),
(57,'decimals_point',','),
(58,'thousands_separator',' '),
(59,'products_num','24'),
(60,'products_num_admin','20'),
(30,'theme','rubix-web'),
(33,'products_num','24'),
(34,'products_num_admin','20'),
(111,'last_1c_orders_export_date','2011-07-30 21:31:56'),
(112,'license','bhbcfgkhfe iomjlglmpl rqwqxrtpz6 898495c7 cfee'),
(113,'max_order_amount','50'),
(114,'watermark_offset_x','0'),
(115,'watermark_offset_y','0'),
(116,'watermark_transparency','100'),
(117,'images_sharpen','20'),
(119,'admin_email','me@example.com');

/* Data for table s_users */
TRUNCATE TABLE `s_users`;

/* Data for table s_variants */
TRUNCATE TABLE `s_variants`;
INSERT INTO `s_variants` (`id`, `product_id`, `sku`, `name`, `price`, `compare_price`, `stock`, `position`, `attachment`, `external_id`) VALUES
(1,234,'','','0.00',null,null,0,'',''),
(2,233,'','','0.00',null,null,0,'',''),
(3,235,'','','0.00',null,null,0,'',''),
(4,236,'','','0.00',null,null,0,'',''),
(5,237,'','','0.00',null,null,0,'',''),
(6,238,'','','0.00',null,null,0,'',''),
(7,239,'','','0.00',null,null,0,'',''),
(8,240,'','','0.00',null,null,0,'',''),
(9,241,'','','0.00',null,null,0,'',''),
(10,242,'','','0.00',null,null,0,'',''),
(11,243,'','','0.00',null,null,0,'',''),
(12,244,'','','0.00',null,null,0,'',''),
(13,245,'','','0.00',null,null,0,'',''),
(14,246,'','','0.00',null,null,0,'',''),
(15,247,'','','0.00',null,null,0,'',''),
(16,248,'','','0.00',null,null,0,'',''),
(17,52,'','','0.00',null,null,0,'',''),
(18,205,'','','0.00',null,null,0,'',''),
(19,206,'','','0.00',null,null,0,'',''),
(20,87,'','','0.00',null,null,0,'',''),
(21,88,'','','0.00',null,null,0,'',''),
(22,89,'','','0.00',null,null,0,'',''),
(23,90,'','','0.00',null,null,0,'',''),
(24,207,'','','0.00',null,null,0,'',''),
(25,91,'','','0.00',null,null,0,'',''),
(26,208,'','','0.00',null,null,0,'',''),
(27,92,'','','0.00',null,null,0,'',''),
(28,93,'','','0.00',null,null,0,'',''),
(29,94,'','','0.00',null,null,0,'',''),
(30,95,'','','0.00',null,null,0,'',''),
(31,57,'','','0.00',null,null,0,'',''),
(32,190,'','','0.00',null,null,0,'',''),
(33,191,'','','0.00',null,null,0,'',''),
(34,192,'','','0.00',null,null,0,'',''),
(35,194,'','','0.00',null,null,0,'',''),
(36,96,'','','0.00',null,null,0,'',''),
(37,98,'','','0.00',null,null,0,'',''),
(38,198,'','','0.00',null,null,0,'',''),
(39,99,'','','0.00',null,null,0,'',''),
(40,201,'','','0.00',null,null,0,'',''),
(41,101,'','','0.00',null,null,0,'',''),
(42,102,'','','0.00',null,null,0,'',''),
(43,103,'','','0.00',null,null,0,'',''),
(44,100,'','','0.00',null,null,0,'',''),
(45,97,'','','0.00',null,null,0,'',''),
(46,104,'','','0.00',null,null,0,'',''),
(47,105,'','','0.00',null,null,0,'',''),
(48,202,'','','0.00',null,null,0,'',''),
(49,106,'','','0.00',null,null,0,'',''),
(50,107,'','','0.00',null,null,0,'',''),
(51,108,'','','0.00',null,null,0,'',''),
(52,203,'','','0.00',null,null,0,'',''),
(53,204,'','','0.00',null,null,0,'',''),
(54,111,'','','0.00',null,null,0,'',''),
(55,112,'','','0.00',null,null,0,'',''),
(56,193,'','','0.00',null,null,0,'',''),
(57,116,'','','0.00',null,null,0,'',''),
(58,113,'','','0.00',null,null,0,'',''),
(59,200,'','','0.00',null,null,0,'',''),
(60,199,'','','0.00',null,null,0,'',''),
(61,117,'','','0.00',null,null,0,'',''),
(62,118,'','','0.00',null,null,0,'',''),
(63,121,'','','0.00',null,null,0,'',''),
(64,122,'','','0.00',null,null,0,'',''),
(65,123,'','','0.00',null,null,0,'',''),
(66,125,'','','0.00',null,null,0,'',''),
(67,126,'','','0.00',null,null,0,'',''),
(68,214,'','','0.00',null,null,0,'',''),
(69,128,'','','0.00',null,null,0,'',''),
(70,216,'','','0.00',null,null,0,'',''),
(71,130,'','','0.00',null,null,0,'',''),
(72,165,'','','0.00',null,null,0,'',''),
(73,132,'','','0.00',null,null,0,'',''),
(74,129,'','','0.00',null,null,0,'',''),
(75,166,'','','0.00',null,null,0,'',''),
(76,167,'','','0.00',null,null,0,'',''),
(77,217,'','','0.00',null,null,0,'',''),
(78,133,'','','0.00',null,null,0,'',''),
(79,168,'','','0.00',null,null,0,'',''),
(80,218,'','','0.00',null,null,0,'',''),
(81,219,'','','0.00',null,null,0,'',''),
(82,137,'','','0.00',null,null,0,'',''),
(83,221,'','','0.00',null,null,0,'',''),
(84,222,'','','0.00',null,null,0,'',''),
(85,223,'','','0.00',null,null,0,'',''),
(86,138,'','','0.00',null,null,0,'',''),
(87,139,'','','0.00',null,null,0,'',''),
(88,134,'','','0.00',null,null,0,'',''),
(89,140,'','','0.00',null,null,0,'',''),
(90,135,'','','0.00',null,null,0,'',''),
(91,170,'','','0.00',null,null,0,'',''),
(92,169,'','','0.00',null,null,0,'',''),
(93,141,'','','0.00',null,null,0,'',''),
(94,142,'','','0.00',null,null,0,'',''),
(95,143,'','','0.00',null,null,0,'',''),
(96,144,'','','0.00',null,null,0,'',''),
(97,136,'','','0.00',null,null,0,'',''),
(98,224,'','','0.00',null,null,0,'',''),
(99,145,'','','0.00',null,null,0,'',''),
(100,146,'','','0.00',null,null,0,'',''),
(101,147,'','','0.00',null,null,0,'',''),
(102,225,'','','0.00',null,null,0,'',''),
(103,226,'','','0.00',null,null,0,'',''),
(104,148,'','','0.00',null,null,0,'',''),
(105,149,'','','0.00',null,null,0,'',''),
(106,150,'','','0.00',null,null,0,'',''),
(107,151,'','','0.00',null,null,0,'',''),
(108,185,'','','0.00',null,null,0,'',''),
(109,186,'','','0.00',null,null,0,'',''),
(110,50,'','','0.00',null,null,0,'',''),
(111,51,'','','0.00',null,null,0,'',''),
(112,53,'','','0.00',null,null,0,'',''),
(113,62,'','','0.00',null,null,0,'',''),
(114,63,'','','0.00',null,null,0,'',''),
(115,64,'','','0.00',null,null,0,'',''),
(116,65,'','','0.00',null,null,0,'',''),
(117,187,'','','0.00',null,null,0,'',''),
(118,188,'','','0.00',null,null,0,'',''),
(119,67,'','','0.00',null,null,0,'',''),
(120,68,'','','0.00',null,null,0,'',''),
(121,189,'','','0.00',null,null,0,'',''),
(122,69,'','','0.00',null,null,0,'',''),
(123,66,'','','0.00',null,null,0,'',''),
(124,70,'','','0.00',null,null,0,'',''),
(125,71,'','','0.00',null,null,0,'',''),
(126,72,'','','0.00',null,null,0,'',''),
(127,209,'','','0.00',null,null,0,'',''),
(128,210,'','','0.00',null,null,0,'',''),
(129,211,'','','0.00',null,null,0,'',''),
(130,153,'','','0.00',null,null,0,'',''),
(131,154,'','','0.00',null,null,0,'',''),
(132,155,'','','0.00',null,null,0,'',''),
(133,156,'','','0.00',null,null,0,'',''),
(134,157,'','','0.00',null,null,0,'',''),
(135,212,'','','0.00',null,null,0,'',''),
(136,158,'','','0.00',null,null,0,'',''),
(137,159,'','','0.00',null,null,0,'',''),
(138,213,'','','0.00',null,null,0,'',''),
(139,160,'','','0.00',null,null,0,'',''),
(140,161,'','','0.00',null,null,0,'',''),
(141,162,'','','0.00',null,null,0,'',''),
(142,163,'','','0.00',null,null,0,'',''),
(143,215,'','','0.00',null,null,0,'',''),
(144,119,'','','0.00',null,null,0,'',''),
(145,120,'','','0.00',null,null,0,'',''),
(146,231,'','','0.00',null,null,0,'',''),
(147,127,'','','0.00',null,null,0,'',''),
(148,232,'','','0.00',null,null,0,'','');

